<?xml version="1.0" encoding="UTF-8"?>
<project-private xmlns="http://www.netbeans.org/ns/project-private/1">
    <editor-bookmarks xmlns="http://www.netbeans.org/ns/editor-bookmarks/2" lastBookmarkId="0"/>
    <open-files xmlns="http://www.netbeans.org/ns/projectui-open-files/2">
        <group>
            <file>file:/C:/Temp/Sistema-de-Chamados-master/src/teste/controle/IControlador.java</file>
            <file>file:/C:/Temp/Sistema-de-Chamados-master/src/teste/Persistencia/ChamadoDAO.java</file>
            <file>file:/C:/Temp/Sistema-de-Chamados-master/src/teste/entidade/Chamado.java</file>
            <file>file:/C:/Temp/Sistema-de-Chamados-master/src/teste/SistemaChamadosMain.java</file>
            <file>file:/C:/Temp/Sistema-de-Chamados-master/src/teste/controle/ControladorPrincipal.java</file>
            <file>file:/C:/Temp/Sistema-de-Chamados-master/src/teste/apresentacao/TelaCadastroChamado.java</file>
        </group>
    </open-files>
</project-private>
